Ország,Söradagok,Égetett szesz adagok,Boradagok,Összes tiszta alkohol (liter)
Afganisztán,0,0,0,0.0
Albánia,89,132,54,4.9
Algéria,25,0,14,0.7
Andorra,245,138,312,12.4
Angola,217,57,45,5.9
Antigua és Barbuda,102,128,45,4.9
Argentína,193,25,221,8.3
Örményország,21,179,11,3.8
Ausztrália,261,72,212,10.4
Ausztria,279,75,191,9.7
Azerbajdzsán,21,46,5,1.3
Bahama-szigetek,122,176,51,6.3
Bahrein,42,63,7,2.0
Banglades,0,0,0,0.0
Barbados,143,173,36,6.3
Fehéroroszország,142,373,42,14.4
Belgium,295,84,212,10.5
Belize,263,114,8,6.8
Benin,34,4,13,1.1
Bhután,23,0,0,0.4
Bolívia,167,41,8,3.8
Bosznia-Hercegovina,76,173,8,4.6
Botswana,173,35,35,5.4
Brazília,245,145,16,7.2
Brunei,31,2,1,0.6
Bulgária,231,252,94,10.3
Burkina Faso,25,7,7,4.3
Burundi,88,0,0,6.3
Elefántcsontpart,37,1,7,4.0
Zöld-foki Köztársaság,144,56,16,4.0
Kambodzsa,57,65,1,2.2
Kamerun,147,1,4,5.8
Kanada,240,122,100,8.2
Közép-afrikai Köztársaság,17,2,1,1.8
Csád,15,1,1,0.4
Chile,130,124,172,7.6
Kína,79,192,8,5.0
Kolumbia,159,76,3,4.2
Comore-szigetek,1,3,1,0.1
Kongó,76,1,9,1.7
Cook-szigetek,0,254,74,5.9
Costa Rica,149,87,11,4.4
Horvátország,230,87,254,10.2
Kuba,93,137,5,4.2
Ciprus,192,154,113,8.2
Csehország,361,170,134,11.8
Észak-Korea,0,0,0,0.0
Kongói Demokratikus Köztársaság,32,3,1,2.3
Dánia,224,81,278,10.4
Dzsibuti,15,44,3,1.1
Dominika,52,286,26,6.6
Dominikai Köztársaság,193,147,9,6.2
Ecuador,162,74,3,4.2
Egyiptom,6,4,1,0.2
El Salvador,52,69,2,2.2
Egyenlítôi-Guinea,92,0,233,5.8
Eritrea,18,0,0,0.5
Észtország,224,194,59,9.5
Etiópia,20,3,0,0.7
Fidzsi-szigetek,77,35,1,2.0
Finnország,263,133,97,10.0
Franciaország,127,151,370,11.8
Gabon,347,98,59,8.9
Gambia,8,0,1,2.4
Grúzia,52,100,149,5.4
Németország,346,117,175,11.3
Ghána,31,3,10,1.8
Görögország,133,112,218,8.3
Grenada,199,438,28,11.9
Guatemala,53,69,2,2.2
Guinea,9,0,2,0.2
Bissau-Guinea,28,31,21,2.5
Guyana,93,302,1,7.1
Haiti,1,326,1,5.9
Honduras,69,98,2,3.0
Magyarország,234,215,185,11.3
Izland,233,61,78,6.6
India,9,114,0,2.2
Indonézia,5,1,0,0.1
Irán,0,0,0,0.0
Irak,9,3,0,0.2
Írország,313,118,165,11.4
Izrael,63,69,9,2.5
Olaszország,85,42,237,6.5
Jamaica,82,97,9,3.4
Japán,77,202,16,7.0
Jordánia,6,21,1,0.5
Kazahsztán,124,246,12,6.8
Kenya,58,22,2,1.8
Kiribati,21,34,1,1.0
Kuvait,0,0,0,0.0
Kirgizisztán,31,97,6,2.4
Laosz,62,0,123,6.2
Lettország,281,216,62,10.5
Libanon,20,55,31,1.9
Lesotho,82,29,0,2.8
Libéria,19,152,2,3.1
Líbia,0,0,0,0.0
Litvánia,343,244,56,12.9
Luxemburg,236,133,271,11.4
Madagaszkár,26,15,4,0.8
Malawi,8,11,1,1.5
Malajzia,13,4,0,0.3
Maldív-szigetek,0,0,0,0.0
Mali,5,1,1,0.6
Málta,149,100,120,6.6
Marshall-szigetek,0,0,0,0.0
Mauritánia,0,0,0,0.0
Mauritius,98,31,18,2.6
Mexikó,238,68,5,5.5
Mikronézia,62,50,18,2.3
Monaco,0,0,0,0.0
Mongólia,77,189,8,4.9
Montenegró,31,114,128,4.9
Marokkó,12,6,10,0.5
Mozambik,47,18,5,1.3
Mianmar,5,1,0,0.1
Namíbia,376,3,1,6.8
Nauru,49,0,8,1.0
Nepál,5,6,0,0.2
Hollandia,251,88,190,9.4
Új-Zéland,203,79,175,9.3
Nicaragua,78,118,1,3.5
Niger,3,2,1,0.1
Nigéria,42,5,2,9.1
Niue,188,200,7,7.0
Norvégia,169,71,129,6.7
Omán,22,16,1,0.7
Pakisztán,0,0,0,0.0
Palau,306,63,23,6.9
Panama,285,104,18,7.2
Pápua Új-Guinea,44,39,1,1.5
Paraguay,213,117,74,7.3
Peru,163,160,21,6.1
Fülöp-szigetek,71,186,1,4.6
Lengyelország,343,215,56,10.9
Portugália,194,67,339,11.0
Katar,1,42,7,0.9
Dél-Korea,140,16,9,9.8
Moldova,109,226,18,6.3
Románia,297,122,167,10.4
Oroszország,247,326,73,11.5
Ruanda,43,2,0,6.8
Saint Kitts és Nevis,194,205,32,7.7
Saint Lucia,171,315,71,10.1
Saint Vincent és a Grenadine-szigetek,120,221,11,6.3
Szamoa,105,18,24,2.6
San Marino,0,0,0,0.0
São Tomé és Príncipe,56,38,140,4.2
Szaúd-Arábia,0,5,0,0.1
Szenegál,9,1,7,0.3
Szerbia,283,131,127,9.6
Seychelle-szigetek,157,25,51,4.1
Sierra Leone,25,3,2,6.7
Szingapúr,60,12,11,1.5
Szlovákia,196,293,116,11.4
Szlovénia,270,51,276,10.6
Salamon-szigetek,56,11,1,1.2
Szomália,0,0,0,0.0
Dél-afrikai Köztársaság,225,76,81,8.2
Spanyolország,284,157,112,10.0
Srí Lanka,16,104,0,2.2
Szudán,8,13,0,1.7
Suriname,128,178,7,5.6
Szváziföld,90,2,2,4.7
Svédország,152,60,186,7.2
Svájc,185,100,280,10.2
Szíria,5,35,16,1.0
Tádzsikisztán,2,15,0,0.3
Thaiföld,99,258,1,6.4
Macedónia,106,27,86,3.9
Kelet-Timor,1,1,4,0.1
Togo,36,2,19,1.3
Tonga,36,21,5,1.1
Trinidad és Tobago,197,156,7,6.4
Tunézia,51,3,20,1.3
Törökország,51,22,7,1.4
Türkmenisztán,19,71,32,2.2
Tuvalu,6,41,9,1.0
Uganda,45,9,0,8.3
Ukrajna,206,237,45,8.9
Egyesült Arab Emírségek,16,135,5,2.8
Egyesült Királyság,219,126,195,10.4
Tanzánia,36,6,1,5.7
USA,249,158,84,8.7
Uruguay,115,35,220,6.6
Üzbegisztán,25,101,8,2.4
Vanuatu,21,18,11,0.9
Venezuela,333,100,3,7.7
Vietnám,111,2,1,2.0
Jemen,6,0,0,0.1
Zambia,32,19,4,2.5
Zimbabwe,64,18,4,4.7
